{"cameraMode":{"drawMode":0,"name":"Shaded","section":"Shading Mode"},"sceneLighting":true,"audioPlay":false,"sceneViewState":{"showFog":true,"showMaterialUpdate":false,"showSkybox":true,"showFlares":true,"showImageEffects":true,"showParticleSystems":true},"in2DMode":false,"pivot":{"x":-101.66539001464844,"y":0.5743086338043213,"z":5.112595558166504},"rotation":{"x":-0.16923484206199647,"y":0.11854428052902222,"z":-0.02050873264670372,"w":-0.9782055020332336},"size":6.318291187286377,"orthographic":false}