{"cameraMode":{"drawMode":0,"name":"Shaded","section":"Shading Mode"},"sceneLighting":false,"audioPlay":false,"sceneViewState":{"showFog":true,"showMaterialUpdate":false,"showSkybox":false,"showFlares":true,"showImageEffects":true,"showParticleSystems":true},"in2DMode":false,"pivot":{"x":-110.52999877929688,"y":0.0649186372756958,"z":-1.8589999675750733},"rotation":{"x":-0.05700964480638504,"y":-0.09659246355295181,"z":0.005541738122701645,"w":-0.9936747550964356},"size":0.5304350852966309,"orthographic":false}