{"cameraMode":{"drawMode":0,"name":"Shaded","section":"Shading Mode"},"sceneLighting":true,"audioPlay":false,"sceneViewState":{"showFog":true,"showMaterialUpdate":false,"showSkybox":true,"showFlares":true,"showImageEffects":true,"showParticleSystems":true},"in2DMode":false,"pivot":{"x":934.6898193359375,"y":550.7980346679688,"z":-446.1336669921875},"rotation":{"x":-0.06598041951656342,"y":0.9182390570640564,"z":-0.17308413982391358,"w":-0.3500368595123291},"size":1127.9967041015625,"orthographic":false}