{"cameraMode":{"drawMode":0,"name":"Shaded","section":"Shading Mode"},"sceneLighting":true,"audioPlay":false,"sceneViewState":{"showFog":true,"showMaterialUpdate":false,"showSkybox":true,"showFlares":true,"showImageEffects":true,"showParticleSystems":true},"in2DMode":false,"pivot":{"x":-538.6915283203125,"y":-414.7255554199219,"z":-134.52447509765626},"rotation":{"x":-0.11021016538143158,"y":-0.7374682426452637,"z":0.12419569492340088,"w":-0.6547144055366516},"size":656.1036376953125,"orthographic":false}