{"cameraMode":{"drawMode":0,"name":"Shaded","section":"Shading Mode"},"sceneLighting":true,"audioPlay":false,"sceneViewState":{"showFog":true,"showMaterialUpdate":false,"showSkybox":true,"showFlares":true,"showImageEffects":true,"showParticleSystems":true},"in2DMode":false,"pivot":{"x":-1721.783447265625,"y":-146.52967834472657,"z":-326.91510009765627},"rotation":{"x":0.013945121318101883,"y":0.9763429164886475,"z":-0.20535561442375184,"w":0.0662982314825058},"size":186.77268981933595,"orthographic":false}